詞語,出現次數,語氣分類
支付,60,其他/未分類
保單,53,其他/未分類
提供,45,其他/未分類
立即,40,催促
帳戶,39,指示
需要,38,其他/未分類
保險,37,其他/未分類
公司,24,其他/未分類
保費,23,其他/未分類
通知,23,其他/未分類
XX,22,其他/未分類
投保,21,其他/未分類
領取,21,其他/未分類
辦理,21,其他/未分類
銀行,19,其他/未分類
才能,19,其他/未分類
資料,18,其他/未分類
客服,17,假冒正規
避免,16,其他/未分類
一筆,16,其他/未分類
確認,16,其他/未分類
否則,15,威脅
安全,15,其他/未分類
涉及,14,其他/未分類
可以,13,其他/未分類
以免,13,其他/未分類
保障,13,其他/未分類
費用,13,其他/未分類
客戶,12,其他/未分類
真的,12,其他/未分類
繳納,12,其他/未分類
申請,12,其他/未分類
發現,12,其他/未分類
活動,11,其他/未分類
000,11,其他/未分類
系統,11,其他/未分類
調查,10,其他/未分類
身分,10,其他/未分類
完成,10,其他/未分類
資金,10,其他/未分類
聯絡,10,其他/未分類
保證,10,其他/未分類
手續費,10,其他/未分類
帳號,10,其他/未分類
資訊以,9,其他/未分類
扣款,9,其他/未分類
萬元,9,其他/未分類
中心,9,其他/未分類
交易,9,其他/未分類
訂單,9,其他/未分類
退款,9,其他/未分類
資訊,9,其他/未分類
盜用,9,其他/未分類
重新,9,其他/未分類
不然,9,其他/未分類
指示,9,其他/未分類
理賠,9,其他/未分類
配合,9,其他/未分類
異常,9,其他/未分類
保證金,9,誘導
未繳,9,其他/未分類
無法,9,其他/未分類
付款,9,其他/未分類
收益,8,其他/未分類
包裹,8,其他/未分類
信用卡,8,其他/未分類
50,8,其他/未分類
處理,8,其他/未分類
更新,8,其他/未分類
所有,8,其他/未分類
登入,7,其他/未分類
獲得,7,其他/未分類
資格,7,其他/未分類
這是,7,其他/未分類
取消,7,其他/未分類
醫療,7,其他/未分類
繳清,7,其他/未分類
電話,7,其他/未分類
專案,7,其他/未分類
提醒,7,其他/未分類
操作,7,其他/未分類
現金,7,其他/未分類
問題,7,其他/未分類
罰款,7,其他/未分類
協助,7,其他/未分類
獎品,7,其他/未分類
投資,7,其他/未分類
受益人,7,其他/未分類
10,7,其他/未分類
即可,6,其他/未分類
驗證,6,其他/未分類
一次,6,其他/未分類
升級,6,其他/未分類
凍結,6,其他/未分類
身份,6,其他/未分類
犯罪,6,其他/未分類
中獎,6,誘導
如需,6,其他/未分類
商品,6,其他/未分類
連結,6,其他/未分類
感謝,6,其他/未分類
VIP,6,其他/未分類
繳費,6,其他/未分類
平台,6,其他/未分類
手續,6,其他/未分類
只要,6,其他/未分類
監管,6,恐嚇
利息,5,其他/未分類
證明,5,其他/未分類
退費,5,其他/未分類
需繳,5,其他/未分類
要求,5,其他/未分類
保險理,5,其他/未分類
程序,5,其他/未分類
參加,5,其他/未分類
不及,5,其他/未分類
目前,5,其他/未分類
失效,5,其他/未分類
30,5,其他/未分類
不想,5,其他/未分類
以便,5,其他/未分類
即將,5,其他/未分類
網站,5,其他/未分類
每年,5,其他/未分類
收取,5,其他/未分類
顯示,5,其他/未分類
政府,5,其他/未分類
本金,5,其他/未分類
錯過,5,其他/未分類
手機,5,其他/未分類
案件,5,其他/未分類
今日,5,其他/未分類
今天,5,其他/未分類
電腦,5,其他/未分類
支持,5,其他/未分類
號碼,5,其他/未分類
盡快,5,其他/未分類
撥款,5,其他/未分類
抽獎,5,其他/未分類
回饋,5,其他/未分類
500,5,其他/未分類
有人,5,其他/未分類
懷疑,5,其他/未分類
5%,5,其他/未分類
海外,5,其他/未分類
親屬,4,其他/未分類
一定,4,其他/未分類
貸款,4,其他/未分類
額度,4,其他/未分類
按照,4,其他/未分類
生效,4,其他/未分類
出現,4,其他/未分類
幸運,4,其他/未分類
差額,4,其他/未分類
偵測,4,其他/未分類
匯款,4,其他/未分類
已經,4,其他/未分類
近期,4,其他/未分類
意外,4,其他/未分類
尚未,4,其他/未分類
請先,4,其他/未分類
1000,4,其他/未分類
購買,4,其他/未分類
投入,4,其他/未分類
機會,4,其他/未分類
提醒您,4,其他/未分類
金額,4,其他/未分類
欠款,4,其他/未分類
100,4,其他/未分類
指定,4,其他/未分類
翻倍,4,其他/未分類
必須,4,其他/未分類
獎金,4,其他/未分類
退回,4,其他/未分類
補繳,4,其他/未分類
密碼,4,其他/未分類
損失,4,其他/未分類
購物,4,其他/未分類
最新,4,其他/未分類
一份,4,其他/未分類
我現,4,其他/未分類
恭喜,4,其他/未分類
準備,4,其他/未分類
幫忙,4,其他/未分類
遇到,4,其他/未分類
領回,4,其他/未分類
賠償,4,其他/未分類
過期,4,其他/未分類
醫院,4,其他/未分類
不是,4,其他/未分類
地址,4,其他/未分類
助您,4,其他/未分類
繳保費,4,其他/未分類
學校,4,其他/未分類
正在,4,其他/未分類
非法,4,其他/未分類
即刻,4,其他/未分類
簽署,4,其他/未分類
詐騙,3,其他/未分類
實性,3,其他/未分類
機構,3,其他/未分類
之前,3,其他/未分類
建議,3,其他/未分類
加保,3,其他/未分類
增加,3,其他/未分類
沒有,3,其他/未分類
可疑,3,其他/未分類
卡號,3,其他/未分類
利用,3,其他/未分類
旅遊,3,其他/未分類
名額,3,其他/未分類
核准,3,其他/未分類
證金,3,其他/未分類
放款,3,其他/未分類
一位,3,其他/未分類
影響,3,其他/未分類
額外,3,其他/未分類
訴訟,3,其他/未分類
存款,3,其他/未分類
警告,3,其他/未分類
寄送,3,其他/未分類
重要,3,其他/未分類
明天,3,其他/未分類
墊付,3,其他/未分類
請將,3,其他/未分類
放棄,3,其他/未分類
一年,3,其他/未分類
加入,3,其他/未分類
回報,3,其他/未分類
證件,3,其他/未分類
涉嫌,3,其他/未分類
需先,3,其他/未分類
親愛的,3,其他/未分類
小時,3,其他/未分類
10%,3,其他/未分類
流程,3,其他/未分類
檢察官,3,其他/未分類
一起,3,其他/未分類
領獎,3,其他/未分類
依法,3,其他/未分類
先繳,3,其他/未分類
相關,3,其他/未分類
2000,3,其他/未分類
不要,3,其他/未分類
填寫,3,其他/未分類
成功,3,其他/未分類
平安,3,其他/未分類
強制,3,其他/未分類
本案,3,其他/未分類
孩子,3,其他/未分類
請點擊,3,其他/未分類
鎖定,3,其他/未分類
停機,3,其他/未分類
自動,3,其他/未分類
相信,3,其他/未分類
運費,3,其他/未分類
法律,3,其他/未分類
軟體,3,其他/未分類
人壽,3,其他/未分類
每月,3,其他/未分類
網路,3,其他/未分類
以確,3,其他/未分類
解鎖,3,其他/未分類
專員,3,其他/未分類
審查,3,其他/未分類
優惠,3,其他/未分類
提交,3,其他/未分類
如果,3,其他/未分類
逾期,3,其他/未分類
費以,3,其他/未分類
不法,3,其他/未分類
可選擇,3,其他/未分類
退還,3,其他/未分類
服務,3,其他/未分類
一張,3,其他/未分類
退保,3,其他/未分類
終止,3,其他/未分類
監控,3,其他/未分類
立刻,3,其他/未分類
暫時,3,其他/未分類
使用,3,其他/未分類
方案,3,其他/未分類
錯誤,3,其他/未分類
分紅,3,其他/未分類
ATM,3,指示
最近,3,其他/未分類
我們將,3,其他/未分類
文件,3,其他/未分類
效力,3,其他/未分類
權益,3,其他/未分類
價值,3,其他/未分類
推薦,3,其他/未分類
不會,3,其他/未分類
停用,3,其他/未分類
高額,3,其他/未分類
不足,3,其他/未分類
本行,3,其他/未分類
專線,3,其他/未分類
交保,3,其他/未分類
用以,3,其他/未分類
年度,3,其他/未分類
和解,3,其他/未分類
先借,3,其他/未分類
出事,2,其他/未分類
續訂,2,其他/未分類
以續,2,其他/未分類
解決,2,其他/未分類
不得,2,其他/未分類
提高,2,其他/未分類
應急,2,其他/未分類
這個,2,其他/未分類
晚點,2,其他/未分類
下載,2,其他/未分類
啟用,2,其他/未分類
警察,2,權威假冒
外地,2,其他/未分類
麻煩,2,其他/未分類
當天,2,其他/未分類
快速,2,其他/未分類
50%,2,其他/未分類
調整,2,其他/未分類
通過,2,其他/未分類
補辦,2,其他/未分類
僅需,2,其他/未分類
繳交,2,其他/未分類
信用,2,其他/未分類
未明,2,其他/未分類
進行,2,其他/未分類
超商,2,其他/未分類
險理,2,其他/未分類
方式,2,其他/未分類
對方,2,其他/未分類
事故,2,其他/未分類
車禍,2,其他/未分類
生意,2,其他/未分類
可領,2,其他/未分類
入理,2,其他/未分類
點擊,2,其他/未分類
失敗,2,其他/未分類
須先,2,其他/未分類
擔保,2,其他/未分類
返還,2,其他/未分類
境外,2,其他/未分類
如非,2,其他/未分類
本人,2,其他/未分類
切勿,2,其他/未分類
內容,2,其他/未分類
規定,2,其他/未分類
保險局,2,其他/未分類
經查,2,其他/未分類
金融,2,其他/未分類
保額,2,其他/未分類
險額度,2,其他/未分類
經紀,2,其他/未分類
行動,2,其他/未分類
你現,2,其他/未分類
名下,2,其他/未分類
確保,2,其他/未分類
證碼,2,其他/未分類
分鐘,2,其他/未分類
轉至,2,其他/未分類
並繳,2,其他/未分類
老客,2,其他/未分類
完全,2,其他/未分類
壓力,2,其他/未分類
透過,2,其他/未分類
只有,2,其他/未分類
出車,2,其他/未分類
急需,2,其他/未分類
定存,2,其他/未分類
零風險,2,其他/未分類
解除,2,其他/未分類
網購,2,其他/未分類
因系統,2,其他/未分類
故障,2,其他/未分類
納保證,2,其他/未分類
異地,2,其他/未分類
儲蓄,2,其他/未分類
內繳,2,其他/未分類
報酬,2,其他/未分類
續期,2,其他/未分類
暫停,2,其他/未分類
限期,2,其他/未分類
到期,2,其他/未分類
續保,2,其他/未分類
任險,2,其他/未分類
12,2,其他/未分類
保持,2,其他/未分類
證字號,2,其他/未分類
重大,2,其他/未分類
稅款,2,其他/未分類
請加,2,其他/未分類
LINE,2,其他/未分類
違約金,2,其他/未分類
中止,2,其他/未分類
開口,2,其他/未分類
時間,2,其他/未分類
發生,2,其他/未分類
什麼,2,其他/未分類
千萬別,2,其他/未分類
別人,2,其他/未分類
單將,2,其他/未分類
海關,2,其他/未分類
物流,2,其他/未分類
有誤,2,其他/未分類
將持續,2,其他/未分類
查到,2,其他/未分類
禮券,2,其他/未分類
正確,2,其他/未分類
繳款,2,其他/未分類
注意,2,其他/未分類
尊敬,2,其他/未分類
受理,2,其他/未分類
日內,2,其他/未分類
先墊付,2,其他/未分類
住院,2,其他/未分類
投無路,2,其他/未分類
理理,2,其他/未分類
關款,2,其他/未分類
將終,2,其他/未分類
完整,2,其他/未分類
200,2,其他/未分類
工本,2,其他/未分類
餘額,2,其他/未分類
代為,2,其他/未分類
延誤,2,其他/未分類
繼續,2,其他/未分類
收入,2,其他/未分類
折扣,2,其他/未分類
賠申,2,其他/未分類
直接,2,其他/未分類
賠金額,2,其他/未分類
贖金,2,其他/未分類
賠金,2,其他/未分類
3000,2,其他/未分類
賠款,2,其他/未分類
結算,2,其他/未分類
網拍,2,其他/未分類
配送,2,其他/未分類
這邊,2,其他/未分類
5000,2,其他/未分類
計畫,2,其他/未分類
拖延,2,其他/未分類
郵件,2,其他/未分類
Apple,2,其他/未分類
存在,2,其他/未分類
伺服器,2,其他/未分類
入侵,2,其他/未分類
需協助,2,其他/未分類
服務費,2,其他/未分類
IP,2,其他/未分類
唯一,2,其他/未分類
名義,2,其他/未分類
投遞,2,其他/未分類
病毒,2,其他/未分類
未來,2,其他/未分類
一步,2,其他/未分類
忍心,2,其他/未分類
周轉,2,其他/未分類
不靈,2,其他/未分類
給你,2,其他/未分類
比特,2,其他/未分類
一點,2,其他/未分類
困難,2,其他/未分類
這筆,2,其他/未分類
還有,2,其他/未分類
訂購,2,其他/未分類
賣家,2,其他/未分類
匯入,2,其他/未分類
責任,2,其他/未分類
不再,2,其他/未分類
我來,2,其他/未分類
租金,2,其他/未分類
官方,2,其他/未分類
作為,2,其他/未分類
獎勵,2,其他/未分類
團隊,2,其他/未分類
朋友,2,其他/未分類
15%,2,其他/未分類
自負,2,其他/未分類
家人,2,其他/未分類
享有,2,其他/未分類
補助,2,其他/未分類
項目,2,其他/未分類
部分,2,其他/未分類
單作,2,其他/未分類
發布,2,其他/未分類
優先,2,其他/未分類
多次,2,其他/未分類
偵辦,2,其他/未分類
洗錢,2,其他/未分類
公安局,2,其他/未分類
不准,2,其他/未分類
報警,2,其他/未分類
未果,2,其他/未分類
20%,2,其他/未分類
消息,2,其他/未分類
稅金,2,其他/未分類
本月,2,其他/未分類
編號,2,其他/未分類
經濟,2,其他/未分類
名字,2,其他/未分類
一支,2,其他/未分類
成為,2,其他/未分類
列為,2,其他/未分類
貴賓,2,其他/未分類
可免,2,其他/未分類
獲現,2,其他/未分類
金獎勵,2,其他/未分類
簡訊,2,其他/未分類
24,2,其他/未分類
一宗,2,其他/未分類
理將,2,其他/未分類
警方,2,其他/未分類
汽車,2,其他/未分類
金以,2,其他/未分類
紀錄,2,其他/未分類
電子,2,其他/未分類
期未,2,其他/未分類
核對,2,其他/未分類
等待,2,其他/未分類
保留,2,其他/未分類
產生,2,其他/未分類
救救,2,其他/未分類
帳單,1,其他/未分類
出來,1,其他/未分類
事務,1,其他/未分類
律師,1,其他/未分類
停電,1,其他/未分類
電費,1,其他/未分類
轉帳,1,指示
大獎,1,其他/未分類
彩票,1,其他/未分類
電郵,1,其他/未分類
驅逐,1,其他/未分類
房東,1,其他/未分類
接通,1,其他/未分類
撥本,1,其他/未分類
猖獗,1,其他/未分類
將致,1,其他/未分類
電驗證,1,其他/未分類
第三者,1,其他/未分類
將觸,1,其他/未分類
國際,1,其他/未分類
初步,1,其他/未分類
我手,1,其他/未分類
機快,1,其他/未分類
沒電,1,其他/未分類
先匯,1,其他/未分類
細說,1,其他/未分類
堂弟,1,其他/未分類
社會,1,其他/未分類
配貨,1,其他/未分類
快遞,1,其他/未分類
重量,1,其他/未分類
超限,1,其他/未分類
超重,1,其他/未分類
費否則,1,其他/未分類
將被,1,其他/未分類
將贈,1,其他/未分類
所得,1,其他/未分類
須補繳,1,其他/未分類
差價,1,其他/未分類
訂位,1,其他/未分類
違約,1,其他/未分類
聲音,1,其他/未分類
警察局,1,其他/未分類
罰單,1,其他/未分類
一輛,1,其他/未分類
請匯,1,其他/未分類
為慶祝,1,其他/未分類
庫存,1,其他/未分類
因長,1,其他/未分類
需解,1,其他/未分類
解凍,1,其他/未分類
OTP,1,其他/未分類
12345,1,其他/未分類
發票,1,其他/未分類
開立,1,其他/未分類
補開,1,其他/未分類
這通,1,其他/未分類
記下,1,其他/未分類
警員,1,其他/未分類
定金,1,其他/未分類
稅以,1,其他/未分類
抽選,1,其他/未分類
新款,1,其他/未分類
錢名,1,其他/未分類
單上,1,其他/未分類
涉入,1,其他/未分類
跨國詐,1,其他/未分類
若不處,1,其他/未分類
通緝,1,恐嚇
請馬上,1,其他/未分類
冒用,1,其他/未分類
刑事案件,1,其他/未分類
郵寄保險費,1,其他/未分類
300,1,其他/未分類
電視台,1,其他/未分類
頭獎,1,其他/未分類
持卡人,1,其他/未分類
基金,1,其他/未分類
請致,1,其他/未分類
電專線,1,其他/未分類
費獲,1,其他/未分類
贈禮品,1,其他/未分類
兌換,1,其他/未分類
週年慶,1,其他/未分類
選為,1,其他/未分類
繳交登,1,其他/未分類
記費,1,其他/未分類
用戶,1,其他/未分類
現金紅包,1,其他/未分類
問卷,1,其他/未分類
一台,1,其他/未分類
筆記型,1,其他/未分類
下週,1,其他/未分類
這支,1,其他/未分類
股票,1,其他/未分類
趕快,1,其他/未分類
付清,1,其他/未分類
偵查科,1,其他/未分類
iPhone,1,其他/未分類
運保費,1,其他/未分類
預訂,1,其他/未分類
行程,1,其他/未分類
因優惠,1,其他/未分類
滿額,1,其他/未分類
需補繳,1,其他/未分類
不予,1,其他/未分類
可享,1,其他/未分類
購物金,1,其他/未分類
致富,1,其他/未分類
短短,1,其他/未分類
三個,1,其他/未分類
三倍,1,其他/未分類
簽約,1,其他/未分類
有限,1,其他/未分類
抽中現,1,其他/未分類
金獎,1,其他/未分類
視同,1,其他/未分類
重大案件,1,其他/未分類
一舉,1,其他/未分類
一動,1,其他/未分類
掛電話,1,其他/未分類
投資金額,1,其他/未分類
絕對,1,其他/未分類
內部,1,其他/未分類
財團隊,1,其他/未分類
已幫,1,其他/未分類
許多,1,其他/未分類
翻身,1,其他/未分類
管理,1,其他/未分類
發布詐,1,其他/未分類
停權,1,其他/未分類
遺失,1,其他/未分類
剛才,1,其他/未分類
補款,1,其他/未分類
出庭,1,其他/未分類
拘票,1,其他/未分類
撤銷,1,其他/未分類
地方法院,1,其他/未分類
民事,1,其他/未分類
開銀行,1,其他/未分類
高達,1,其他/未分類
幾百萬,1,其他/未分類
不會害,1,其他/未分類
沒命,1,其他/未分類
最好,1,其他/未分類
照著,1,其他/未分類
失去,1,其他/未分類
刑事警察,1,其他/未分類
中午,1,其他/未分類
萬現,1,其他/未分類
金到,1,其他/未分類
高端,1,其他/未分類
加密,1,其他/未分類
貨幣,1,其他/未分類
不用,1,其他/未分類
專業理,1,其他/未分類
隨時,1,其他/未分類
要額,1,其他/未分類
就是,1,其他/未分類
趁現,1,其他/未分類
就要,1,其他/未分類
封盤,1,其他/未分類
自己,1,其他/未分類
人工智慧,1,其他/未分類
天天,1,其他/未分類
小李,1,其他/未分類
不信,1,其他/未分類
問他,1,其他/未分類
難得,1,其他/未分類
房地,1,其他/未分類
產回,1,其他/未分類
報率,1,其他/未分類
考慮,1,其他/未分類
大數據,1,其他/未分類
策略,1,其他/未分類
勝率,1,其他/未分類
99%,1,其他/未分類
很穩,1,其他/未分類
一百,1,其他/未分類
萬進,1,其他/未分類
虧損,1,其他/未分類
這麼,1,其他/未分類
條件,1,其他/未分類
全程,1,其他/未分類
代辦,1,其他/未分類
坐等,1,其他/未分類
非常,1,其他/未分類
擔心,1,其他/未分類
集團,1,其他/未分類
將資金,1,其他/未分類
轉入,1,其他/未分類
決定,1,其他/未分類
運營,1,其他/未分類
口碑,1,其他/未分類
良好,1,其他/未分類
香港,1,其他/未分類
那邊,1,其他/未分類
內線,1,其他/未分類
公布,1,其他/未分類
利多,1,其他/未分類
偷偷,1,其他/未分類
透露,1,其他/未分類
收新,1,其他/未分類
投資人,1,其他/未分類
愛你,1,其他/未分類
不願意,1,其他/未分類
將來,1,其他/未分類
幸福,1,其他/未分類
顧慮,1,其他/未分類
帶著,1,其他/未分類
出貨,1,其他/未分類
另付,1,其他/未分類
保險費,1,其他/未分類
遞無法,1,其他/未分類
承保,1,其他/未分類
尺寸,1,其他/未分類
超標,1,其他/未分類
因為,1,其他/未分類
手誤,1,其他/未分類
輸錯,1,其他/未分類
我度,1,其他/未分類
過難,1,其他/未分類
關馬上,1,其他/未分類
回國,1,其他/未分類
萬應,1,其他/未分類
計劃,1,其他/未分類
泡湯,1,其他/未分類
過會,1,其他/未分類
伸出,1,其他/未分類
正要,1,其他/未分類
大漲,1,其他/未分類
會後悔,1,其他/未分類
一個,1,其他/未分類
信不信,1,其他/未分類
還你,1,其他/未分類
真心,1,其他/未分類
怎麼,1,其他/未分類
周轉過,1,其他/未分類
結婚,1,其他/未分類
老婆,1,其他/未分類
出差,1,其他/未分類
錢交醫院,1,其他/未分類
他們,1,其他/未分類
不肯,1,其他/未分類
治療,1,其他/未分類
積蓄,1,其他/未分類
下去,1,其他/未分類
寶貝,1,其他/未分類
被困,1,其他/未分類
國外,1,其他/未分類
不見,1,其他/未分類
發誓,1,其他/未分類
無人,1,其他/未分類
簽收,1,其他/未分類
那些,1,其他/未分類
只是,1,其他/未分類
以後還,1,其他/未分類
大好,1,其他/未分類
前途,1,其他/未分類
拍視訊給,1,其他/未分類
處境,1,其他/未分類
求求,1,其他/未分類
但現,1,其他/未分類
連命,1,其他/未分類
保不住,1,其他/未分類
難道,1,其他/未分類
微軟,1,其他/未分類
援手,1,其他/未分類
xxxx,1,其他/未分類
Email,1,其他/未分類
發送,1,其他/未分類
信任,1,其他/未分類
司法,1,恐嚇
收到,1,其他/未分類
法院,1,權威假冒
傳票,1,其他/未分類
何未,1,其他/未分類
沒辦,1,其他/未分類
法出,1,其他/未分類
貨給,1,其他/未分類
抽中,1,其他/未分類
寄出,1,其他/未分類
一件,1,其他/未分類
貨到,1,其他/未分類
垃圾,1,其他/未分類
正常,1,其他/未分類
ID,1,其他/未分類
Google,1,其他/未分類
受到,1,其他/未分類
駭客,1,其他/未分類
攻擊,1,其他/未分類
外洩,1,其他/未分類
防護,1,其他/未分類
移除,1,其他/未分類
中華電信,1,其他/未分類
連線,1,其他/未分類
將於,1,其他/未分類
若有,1,其他/未分類
疑問,1,其他/未分類
02,1,其他/未分類
在家,1,其他/未分類
因涉嫌,1,其他/未分類
詐騙將,1,其他/未分類
停話,1,其他/未分類
金證,1,其他/未分類
明清,1,其他/未分類
位址,1,其他/未分類
封鎖,1,其他/未分類
攝影機,1,其他/未分類
錄下,1,其他/未分類
不可告人,1,其他/未分類
影片,1,其他/未分類
公開,1,其他/未分類
植入,1,其他/未分類
木馬,1,其他/未分類
大量,1,其他/未分類
訓費,1,其他/未分類
一旦,1,其他/未分類
資料將,1,其他/未分類
全部,1,其他/未分類
刪除,1,其他/未分類
掌握,1,其他/未分類
隱私,1,其他/未分類
身敗,1,其他/未分類
名裂,1,其他/未分類
48,1,其他/未分類
別試,1,其他/未分類
乾淨,1,其他/未分類
剩付,1,其他/未分類
這條,1,其他/未分類
保住,1,其他/未分類
聲譽,1,其他/未分類
錢備,1,其他/未分類
別想,1,其他/未分類
監視,1,其他/未分類
快匯,1,其他/未分類
萬醫藥費,1,其他/未分類
伯父,1,其他/未分類
先交,1,其他/未分類
招募,1,其他/未分類
單手,1,其他/未分類
2999,1,其他/未分類
任務,1,其他/未分類
佣金,1,其他/未分類
高薪,1,其他/未分類
兼職,1,其他/未分類
不限經驗,1,其他/未分類
繳交培,1,其他/未分類
小組,1,其他/未分類
薪資,1,其他/未分類
制服,1,其他/未分類
押金,1,其他/未分類
一天,1,其他/未分類
幾小時,1,其他/未分類
幾千,1,其他/未分類
理賠部,1,其他/未分類
獲批,1,其他/未分類
日薪,1,其他/未分類
交會費,1,其他/未分類
地點,1,其他/未分類
撕票,1,其他/未分類
女兒,1,其他/未分類
外面,1,其他/未分類
乖乖,1,其他/未分類
費用理,1,其他/未分類
上工,1,其他/未分類
每日,1,其他/未分類
中含,1,其他/未分類
禁品,1,其他/未分類
查扣,1,其他/未分類
納罰款,1,其他/未分類
追訴,1,其他/未分類
本站,1,其他/未分類
多個,1,其他/未分類
門號,1,其他/未分類
電信詐,1,其他/未分類
健保局,1,其他/未分類
健保卡,1,其他/未分類
遭盜,1,其他/未分類
執行,1,其他/未分類
繳納公證,1,其他/未分類
動手術,1,其他/未分類
兒子現,1,其他/未分類
手上,1,其他/未分類
保他,1,其他/未分類
耍花樣,1,其他/未分類
收屍,1,其他/未分類
突然,1,其他/未分類
人生,1,其他/未分類
一把,1,其他/未分類
先給,1,其他/未分類
籌些,1,其他/未分類
車禍理,1,其他/未分類
就緒,1,其他/未分類
代辦費,1,其他/未分類
申報,1,其他/未分類
領取理,1,其他/未分類
前須,1,其他/未分類
補足,1,其他/未分類
不齊,1,其他/未分類
補件,1,其他/未分類
明日,1,其他/未分類
出帳,1,其他/未分類
核算,1,其他/未分類
完畢,1,其他/未分類
入帳,1,其他/未分類
我司,1,其他/未分類
保款,1,其他/未分類
項順利,1,其他/未分類
撥付,1,其他/未分類
金即,1,其他/未分類
週申,1,其他/未分類
文書,1,其他/未分類
法定期限,1,其他/未分類
特別,1,其他/未分類
通融,1,其他/未分類
罰金,1,其他/未分類
審核,1,其他/未分類
超過,1,其他/未分類
須經,1,其他/未分類
反洗,1,其他/未分類
將匯出,1,其他/未分類
最後一,1,其他/未分類
筆代書費,1,其他/未分類
此為,1,其他/未分類
賠金將,1,其他/未分類
視為,1,其他/未分類
當初,1,其他/未分類
專員代辦,1,其他/未分類
少許,1,其他/未分類
賠相,1,其他/未分類
選擇,1,其他/未分類
缺貨,1,其他/未分類
可辦理,1,其他/未分類
收件,1,其他/未分類
購物網,1,其他/未分類
繳清將,1,其他/未分類
移送,1,其他/未分類
法務,1,其他/未分類
行政,1,其他/未分類
行署,1,其他/未分類
週內,1,其他/未分類
機門號,1,其他/未分類
不法分子,1,其他/未分類
理賠款,1,其他/未分類
稅額,1,其他/未分類
補貼,1,其他/未分類
我會記,1,其他/未分類
一輩子,1,其他/未分類
恩情,1,其他/未分類
別掛,1,其他/未分類
急救,1,其他/未分類
出院,1,其他/未分類
雙倍,1,其他/未分類
奉還,1,其他/未分類
日後將,1,其他/未分類
財務部門,1,其他/未分類
還給,1,其他/未分類
現金理,1,其他/未分類
賠金未,1,其他/未分類
多扣,1,其他/未分類
現將,1,其他/未分類
銀行代碼,1,其他/未分類
回覆,1,其他/未分類
抱歉,1,其他/未分類
疏失,1,其他/未分類
請求,1,其他/未分類
龐大,1,其他/未分類
面簽,1,其他/未分類
考量,1,其他/未分類
不便,1,其他/未分類
前來,1,其他/未分類
去年,1,其他/未分類
多繳,1,其他/未分類
收款,1,其他/未分類
將入帳,1,其他/未分類
以郵,1,其他/未分類
可退,1,其他/未分類
600,1,其他/未分類
為確,1,其他/未分類
保資金,1,其他/未分類
繳交驗,1,其他/未分類
試將,1,其他/未分類
退費系,1,其他/未分類
統維護,1,其他/未分類
臨櫃,1,其他/未分類
否則款,1,其他/未分類
項將,1,其他/未分類
作業,1,其他/未分類
失誤,1,其他/未分類
一期,1,其他/未分類
保費溢,1,其他/未分類
涉詐,1,其他/未分類
現由調,1,其他/未分類
查局,1,其他/未分類
發放,1,其他/未分類
加快,1,其他/未分類
通道,1,其他/未分類
將優先,1,其他/未分類
及早,1,其他/未分類
停扣,1,其他/未分類
將自動續,1,其他/未分類
約並,1,其他/未分類
若需,1,其他/未分類
18,1,其他/未分類
00,1,其他/未分類
收保費,1,其他/未分類
補償,1,其他/未分類
壽險保,1,其他/未分類
法規,1,其他/未分類
變動,1,其他/未分類
舊制,1,其他/未分類
將產生,1,其他/未分類
延後一個,1,其他/未分類
申辦,1,其他/未分類
外洩漏,1,其他/未分類
扣留,1,其他/未分類
關稅,1,其他/未分類
放行,1,其他/未分類
人員,1,其他/未分類
貨件,1,其他/未分類
Visa,1,其他/未分類
剛剛,1,其他/未分類
嘗試,1,其他/未分類
罰息,1,其他/未分類
解約,1,其他/未分類
保單並,1,其他/未分類
棄權,1,其他/未分類
合約,1,其他/未分類
時處理,1,其他/未分類
時處,1,其他/未分類
按期,1,其他/未分類
只能靠,1,其他/未分類
先轉,1,其他/未分類
五萬給,1,其他/未分類
緊急,1,其他/未分類
解釋,1,其他/未分類
知道,1,其他/未分類
先幫,1,其他/未分類
兩萬元,1,其他/未分類
需繼續,1,其他/未分類
未及,1,其他/未分類
回應,1,其他/未分類
扣除,1,其他/未分類
結清,1,其他/未分類
暢通,1,其他/未分類
等候,1,其他/未分類
調查將,1,其他/未分類
通緝令,1,其他/未分類
領藥,1,其他/未分類
稅務局,1,其他/未分類
回電,1,其他/未分類
積點,1,其他/未分類
可換,1,其他/未分類
轉移,1,其他/未分類
迅速,1,其他/未分類
按時,1,其他/未分類
所欠,1,其他/未分類
已屆期,1,其他/未分類
快續,1,其他/未分類
累計,1,其他/未分類
造成,1,其他/未分類
不必要,1,其他/未分類
帳戶將,1,其他/未分類
停止,1,其他/未分類
合約並,1,其他/未分類
追討,1,其他/未分類
如不續,1,其他/未分類
保將,1,其他/未分類
汽車責,1,其他/未分類
受罰,1,其他/未分類
狀態,1,其他/未分類
保險將,1,其他/未分類
兩天,1,其他/未分類
以維持,1,其他/未分類
天寬,1,其他/未分類
清保費,1,其他/未分類
將自動,1,其他/未分類
已過,1,其他/未分類
為維持,1,其他/未分類
儲蓄險,1,其他/未分類
12%,1,其他/未分類
顧問,1,其他/未分類
將屆,1,其他/未分類
可選擇續,1,其他/未分類
醫療險,1,其他/未分類
因欠,1,其他/未分類
因未,1,其他/未分類
豪禮,1,其他/未分類
推出,1,其他/未分類
理財,1,其他/未分類
穩定,1,其他/未分類
保本,1,其他/未分類
保息,1,其他/未分類
內部員工,1,其他/未分類
限時,1,催促
開放給,1,其他/未分類
獲利高,1,其他/未分類
期滿,1,其他/未分類
100%,1,其他/未分類
還額,1,其他/未分類
外給付,1,其他/未分類
中斷,1,其他/未分類
催告,1,其他/未分類
手腳,1,其他/未分類
富人,1,其他/未分類
免體,1,其他/未分類
檢高額,1,其他/未分類
壽險,1,其他/未分類
一經,1,其他/未分類
還享,1,其他/未分類
首年,1,其他/未分類
五折,1,其他/未分類
外商,1,其他/未分類
比本國,1,其他/未分類
20,1,其他/未分類
固定,1,其他/未分類
配息,1,其他/未分類
8%,1,其他/未分類
還送,1,其他/未分類
限量,1,其他/未分類
金險,1,其他/未分類
月繳,1,其他/未分類
退休,1,其他/未分類
可月領,1,其他/未分類
證資,1,其他/未分類
金來源,1,其他/未分類
前往,1,其他/未分類
步驟,1,其他/未分類
下單,1,其他/未分類
多餘訂,1,其他/未分類
繳交年,1,其他/未分類
不服,1,其他/未分類
採取,1,其他/未分類
拘提,1,其他/未分類
僅餘,1,其他/未分類
白紙,1,其他/未分類
黑字,1,其他/未分類
新興,1,其他/未分類
市場,1,其他/未分類
最高,1,其他/未分類
可達,1,其他/未分類
遠勝,1,其他/未分類
一般,1,其他/未分類
比銀行,1,其他/未分類
分期,1,其他/未分類
資產,1,其他/未分類
增值,1,其他/未分類
投資分,1,其他/未分類
紅保單,1,其他/未分類
綁定,1,其他/未分類
享高額,1,其他/未分類
業務員,1,其他/未分類
離職,1,其他/未分類
低門檻,1,其他/未分類
一樣,1,其他/未分類
大錢,1,其他/未分類
承諾,1,其他/未分類
進合約,1,其他/未分類
萬度,1,其他/未分類
過難關,1,其他/未分類
兄弟,1,其他/未分類
我度過,1,其他/未分類
這次,1,其他/未分類
難關,1,其他/未分類
回頭,1,其他/未分類
上還,1,其他/未分類
阿姨,1,其他/未分類
並繳納,1,其他/未分類
更正,1,其他/未分類
假如,1,其他/未分類
兩年,1,其他/未分類
轉成,1,其他/未分類
投資型,1,其他/未分類
預期,1,其他/未分類
更高,1,其他/未分類
享受,1,其他/未分類
許多人,1,其他/未分類
這款,1,其他/未分類
實現,1,其他/未分類
財務,1,其他/未分類
自由,1,其他/未分類
張經理,1,其他/未分類
紅利,1,其他/未分類
缺少,1,其他/未分類
欄位,1,其他/未分類
保權益,1,其他/未分類
新法,1,其他/未分類
轉換成,1,其他/未分類
新版,1,其他/未分類
條款,1,其他/未分類
小額,1,其他/未分類
授權,1,其他/未分類
四碼,1,其他/未分類
有升級,1,其他/未分類
接手,1,其他/未分類
新人,1,其他/未分類
有關,1,其他/未分類
影本,1,其他/未分類
核保員,1,其他/未分類
專用,1,其他/未分類
加速,1,其他/未分類
告訴,1,其他/未分類
他人,1,其他/未分類
紕漏,1,其他/未分類
過去理,1,其他/未分類
暢通並,1,其他/未分類
單線,1,其他/未分類
查封,1,其他/未分類
財產,1,其他/未分類
接獲,1,其他/未分類
檢舉,1,其他/未分類
更改,1,其他/未分類
簡訊驗,1,其他/未分類
內將,1,其他/未分類
資時,1,其他/未分類
惡意,1,其他/未分類
這件,1,其他/未分類
事先,1,其他/未分類
其他人,1,其他/未分類
提起,1,其他/未分類
引起,1,其他/未分類
誤會,1,其他/未分類
進度,1,其他/未分類
補差額,1,其他/未分類
實支,1,其他/未分類
實付,1,其他/未分類
疾病,1,其他/未分類
截止,1,其他/未分類
最後名額,1,其他/未分類
保費鎖定,1,其他/未分類
主管,1,其他/未分類
流向,1,其他/未分類
調查科,1,其他/未分類
假保,1,其他/未分類
單詐,1,其他/未分類
保單號,1,其他/未分類
不明,1,其他/未分類
名單,1,其他/未分類
侵入,1,其他/未分類
調查局,1,其他/未分類
假保單,1,其他/未分類
賠次數,1,其他/未分類
頻繁,1,其他/未分類
如要續,1,其他/未分類
保誠保證,1,其他/未分類
以證,1,其他/未分類
明非,1,其他/未分類
澄清,1,其他/未分類
違反,1,其他/未分類
接受,1,其他/未分類
期間,1,其他/未分類
將凍,1,其他/未分類
結相,1,其他/未分類
保監局,1,其他/未分類
違規,1,其他/未分類
回扣,1,其他/未分類
調查並,1,其他/未分類
憑證,1,其他/未分類
假冒,1,其他/未分類
頻傳,1,其他/未分類
以供,1,其他/未分類
某業務員,1,其他/未分類
需調查,1,其他/未分類
號及,1,其他/未分類
證供,1,其他/未分類
通話,1,其他/未分類
將以,1,其他/未分類
妨礙,1,其他/未分類
罪論,1,其他/未分類
此案,1,其他/未分類
高度,1,其他/未分類
機密,1,其他/未分類
任何,1,其他/未分類
無關,1,其他/未分類
人士,1,其他/未分類
提及,1,其他/未分類
豁免,1,其他/未分類
將凍結,1,其他/未分類
流水,1,其他/未分類
生前,1,其他/未分類
保金,1,其他/未分類
並將,1,其他/未分類
列入,1,其他/未分類
黑名,1,其他/未分類
近日,1,其他/未分類
過世,1,其他/未分類
留有,1,其他/未分類
壽險理,1,其他/未分類
金流,1,其他/未分類
檢測,1,其他/未分類
大額,1,其他/未分類
異動,1,其他/未分類
說明,1,其他/未分類
用途,1,其他/未分類
防止,1,其他/未分類
公證,1,其他/未分類
遠房,1,其他/未分類
親戚,1,其他/未分類
終身險,1,其他/未分類
賠待,1,其他/未分類
受益,1,其他/未分類
帳戶驗,1,其他/未分類
昨天,1,其他/未分類
轉出,1,其他/未分類
疑似,1,其他/未分類
款項,1,其他/未分類
之後會,1,其他/未分類
消費,1,其他/未分類
美元,1,其他/未分類
豐人壽,1,其他/未分類
已故,1,其他/未分類
現該,1,其他/未分類
賠期,1,其他/未分類
取款,1,其他/未分類
跨國,1,其他/未分類
金需,1,其他/未分類
跨境,1,其他/未分類
合法,1,其他/未分類
證金以,1,其他/未分類
啟動,1,其他/未分類
該費,1,其他/未分類
用將,1,其他/未分類
保戶關,1,其他/未分類
啟動理,1,其他/未分類
洗錢行,1,其他/未分類
取保,1,其他/未分類
險金,1,其他/未分類
繳國庫,1,其他/未分類
賠部,1,其他/未分類
醫療費,1,其他/未分類
賠額,1,其他/未分類
須辦,1,其他/未分類
交相,1,其他/未分類
印花,1,其他/未分類
一樁,1,其他/未分類
保險詐,1,其他/未分類
領案,1,其他/未分類
金證明,1,其他/未分類
有共謀,1,其他/未分類
配偶,1,其他/未分類
惟須,1,其他/未分類
徵信,1,其他/未分類
方能,1,其他/未分類
情節,1,其他/未分類
私下,1,其他/未分類
更耗,1,其他/未分類
加護,1,其他/未分類
病房,1,其他/未分類
先行,1,其他/未分類
手術費,1,其他/未分類
自付,1,其他/未分類
現場,1,其他/未分類
留下,1,其他/未分類
聲稱,1,其他/未分類
代表,1,其他/未分類
受害者,1,其他/未分類
賠償將,1,其他/未分類
提出,1,其他/未分類
保險金,1,其他/未分類
團體,1,其他/未分類
建檔費,1,其他/未分類
依照,1,其他/未分類
政府公告,1,其他/未分類
求償,1,其他/未分類
駕駛人,1,其他/未分類
賠資格,1,其他/未分類
存疑,1,其他/未分類
查驗費,1,其他/未分類
認真,1,其他/未分類
第三方,1,其他/未分類
險索,1,其他/未分類
財物,1,其他/未分類
抽查,1,其他/未分類
診斷,1,其他/未分類
核費用,1,其他/未分類
交通局,1,其他/未分類
車輛,1,其他/未分類
險將,1,其他/未分類
禁行,1,其他/未分類
全民,1,其他/未分類
健保,1,其他/未分類
時費,1,其他/未分類
新規定,1,其他/未分類
每人,1,其他/未分類
防疫,1,其他/未分類
根據,1,其他/未分類
法令,1,其他/未分類
勞健保,1,其他/未分類
將影響,1,其他/未分類
公會,1,其他/未分類
福利部,1,其他/未分類
期限,1,其他/未分類
勞工,1,其他/未分類
繳勞,1,其他/未分類
勞保年,1,其他/未分類
資計算,1,其他/未分類
外聲,1,其他/未分類
檢調,1,其他/未分類
單位,1,其他/未分類
展開,1,其他/未分類
白金卡,1,其他/未分類
核發,1,其他/未分類
評分,1,其他/未分類
網銀,1,其他/未分類
如有,1,其他/未分類
疑慮,1,其他/未分類
還款,1,其他/未分類
尚有,1,其他/未分類
低收入,1,其他/未分類
但須,1,其他/未分類
以往,1,其他/未分類
欠費,1,其他/未分類
符合,1,其他/未分類
環保署,1,其他/未分類
車主需,1,其他/未分類
環境責,1,其他/未分類
年檢,1,其他/未分類
教育局,1,其他/未分類
每位,1,其他/未分類
民眾須,1,其他/未分類
疫苗,1,其他/未分類
每份,1,其他/未分類
務必,1,其他/未分類
校園,1,其他/未分類
請家長,1,其他/未分類
盡速,1,其他/未分類
邀請,1,其他/未分類
未來理,1,其他/未分類
賠額度,1,其他/未分類
參加本,1,其他/未分類
全免,1,其他/未分類
專屬,1,其他/未分類
健檢服務,1,其他/未分類
免費,1,其他/未分類
介紹,1,其他/未分類
一款,1,其他/未分類
補費,1,其他/未分類
2023,1,其他/未分類
健保費,1,其他/未分類
還現,1,其他/未分類
金紅利,1,其他/未分類
划算,1,其他/未分類
促銷,1,其他/未分類
忠誠客,1,其他/未分類
高級別,1,其他/未分類
享終,1,其他/未分類
禮品,1,其他/未分類
續保即,1,其他/未分類
還可,1,其他/未分類
iPad,1,其他/未分類
轉介紹,1,其他/未分類
可得,1,其他/未分類
上限,1,其他/未分類
推多得,1,其他/未分類
學生,1,其他/未分類
一人,1,其他/未分類
高級,1,其他/未分類
體檢,1,其他/未分類
財部,1,其他/未分類
累積,1,其他/未分類
全數,1,其他/未分類
簡便,1,其他/未分類
親自跑,1,其他/未分類
先付,1,其他/未分類
1%,1,其他/未分類
預審,1,其他/未分類
可貸,1,其他/未分類
以鎖定,1,其他/未分類
兩張,1,其他/未分類
舊保,1,其他/未分類
只針,1,其他/未分類
1234,1,其他/未分類
單現,1,其他/未分類
轉換,1,其他/未分類
130,1,其他/未分類
提前,1,其他/未分類
回保費,1,其他/未分類
回購,1,其他/未分類
到手,1,其他/未分類
緩解,1,其他/未分類
少量,1,其他/未分類
用保,1,其他/未分類
抵押借款,1,其他/未分類
預繳,1,其他/未分類
辦理保,1,其他/未分類
單質,1,其他/未分類
會員俱樂部,1,其他/未分類
只能,1,其他/未分類
匯點,1,其他/未分類
健康,1,其他/未分類
駕照,1,其他/未分類
移民局,1,其他/未分類
簽證,1,其他/未分類
不求人,1,其他/未分類
套現,1,其他/未分類
保密,1,其他/未分類
換現,1,其他/未分類
金服務,1,其他/未分類
匿名,1,其他/未分類
透明,1,其他/未分類
一週,1,其他/未分類
政策,1,其他/未分類
寫驗,1,其他/未分類
未能,1,其他/未分類
導致,1,其他/未分類
以下,1,其他/未分類
技術,1,其他/未分類
支援,1,其他/未分類
親友,1,其他/未分類
年利率,1,其他/未分類
超低,1,其他/未分類
只收,1,其他/未分類
千元,1,其他/未分類
週轉,1,其他/未分類
小王,1,其他/未分類
保釋,1,其他/未分類
包被,1,其他/未分類
舉目,1,其他/未分類
無親,1,其他/未分類
運費以,1,其他/未分類
猜猜,1,其他/未分類
先別問,1,其他/未分類
不能,1,其他/未分類
你連,1,其他/未分類
服務即,1,其他/未分類
將中斷,1,其他/未分類
電話費,1,其他/未分類
慈善,1,其他/未分類
捐款,1,其他/未分類
單有,1,其他/未分類
附件,1,其他/未分類
以安裝,1,其他/未分類
驗證碼,1,其他/未分類
留存,1,其他/未分類
連絡,1,其他/未分類
地產,1,其他/未分類
物業費,1,其他/未分類
郵局,1,其他/未分類
電視,1,其他/未分類
訂閱,1,其他/未分類
的網,1,其他/未分類
站上,1,其他/未分類
學費,1,其他/未分類
學業,1,其他/未分類
社交,1,其他/未分類
媒體,1,其他/未分類
電信,1,其他/未分類
保護,1,其他/未分類
航空公司,1,其他/未分類
航班,1,其他/未分類
網絡,1,其他/未分類
